{
  "id": "f4c2cb31-773f-4ebf-9cac-c8c98b47a36b",
  "prevId": "00000000-0000-0000-0000-000000000000",
  "version": "7",
  "dialect": "postgresql",
  "tables": {
    "public.users_sessions": {
      "name": "users_sessions",
      "schema": "",
      "columns": {
        "_order": {
          "name": "_order",
          "type": "integer",
          "primaryKey": false,
          "notNull": true
        },
        "_parent_id": {
          "name": "_parent_id",
          "type": "integer",
          "primaryKey": false,
          "notNull": true
        },
        "id": {
          "name": "id",
          "type": "varchar",
          "primaryKey": true,
          "notNull": true
        },
        "created_at": {
          "name": "created_at",
          "type": "timestamp(3) with time zone",
          "primaryKey": false,
          "notNull": false
        },
        "expires_at": {
          "name": "expires_at",
          "type": "timestamp(3) with time zone",
          "primaryKey": false,
          "notNull": true
        }
      },
      "indexes": {
        "users_sessions_order_idx": {
          "name": "users_sessions_order_idx",
          "columns": [
            {
              "expression": "_order",
              "isExpression": false,
              "asc": true,
              "nulls": "last"
            }
          ],
          "isUnique": false,
          "concurrently": false,
          "method": "btree",
          "with": {}
        },
        "users_sessions_parent_id_idx": {
          "name": "users_sessions_parent_id_idx",
          "columns": [
            {
              "expression": "_parent_id",
              "isExpression": false,
              "asc": true,
              "nulls": "last"
            }
          ],
          "isUnique": false,
          "concurrently": false,
          "method": "btree",
          "with": {}
        }
      },
      "foreignKeys": {
        "users_sessions_parent_id_fk": {
          "name": "users_sessions_parent_id_fk",
          "tableFrom": "users_sessions",
          "tableTo": "users",
          "columnsFrom": [
            "_parent_id"
          ],
          "columnsTo": [
            "id"
          ],
          "onDelete": "cascade",
          "onUpdate": "no action"
        }
      },
      "compositePrimaryKeys": {},
      "uniqueConstraints": {},
      "policies": {},
      "checkConstraints": {},
      "isRLSEnabled": false
    },
    "public.users": {
      "name": "users",
      "schema": "",
      "columns": {
        "id": {
          "name": "id",
          "type": "serial",
          "primaryKey": true,
          "notNull": true
        },
        "updated_at": {
          "name": "updated_at",
          "type": "timestamp(3) with time zone",
          "primaryKey": false,
          "notNull": true,
          "default": "now()"
        },
        "created_at": {
          "name": "created_at",
          "type": "timestamp(3) with time zone",
          "primaryKey": false,
          "notNull": true,
          "default": "now()"
        },
        "email": {
          "name": "email",
          "type": "varchar",
          "primaryKey": false,
          "notNull": true
        },
        "reset_password_token": {
          "name": "reset_password_token",
          "type": "varchar",
          "primaryKey": false,
          "notNull": false
        },
        "reset_password_expiration": {
          "name": "reset_password_expiration",
          "type": "timestamp(3) with time zone",
          "primaryKey": false,
          "notNull": false
        },
        "salt": {
          "name": "salt",
          "type": "varchar",
          "primaryKey": false,
          "notNull": false
        },
        "hash": {
          "name": "hash",
          "type": "varchar",
          "primaryKey": false,
          "notNull": false
        },
        "login_attempts": {
          "name": "login_attempts",
          "type": "numeric",
          "primaryKey": false,
          "notNull": false,
          "default": 0
        },
        "lock_until": {
          "name": "lock_until",
          "type": "timestamp(3) with time zone",
          "primaryKey": false,
          "notNull": false
        }
      },
      "indexes": {
        "users_updated_at_idx": {
          "name": "users_updated_at_idx",
          "columns": [
            {
              "expression": "updated_at",
              "isExpression": false,
              "asc": true,
              "nulls": "last"
            }
          ],
          "isUnique": false,
          "concurrently": false,
          "method": "btree",
          "with": {}
        },
        "users_created_at_idx": {
          "name": "users_created_at_idx",
          "columns": [
            {
              "expression": "created_at",
              "isExpression": false,
              "asc": true,
              "nulls": "last"
            }
          ],
          "isUnique": false,
          "concurrently": false,
          "method": "btree",
          "with": {}
        },
        "users_email_idx": {
          "name": "users_email_idx",
          "columns": [
            {
              "expression": "email",
              "isExpression": false,
              "asc": true,
              "nulls": "last"
            }
          ],
          "isUnique": true,
          "concurrently": false,
          "method": "btree",
          "with": {}
        }
      },
      "foreignKeys": {},
      "compositePrimaryKeys": {},
      "uniqueConstraints": {},
      "policies": {},
      "checkConstraints": {},
      "isRLSEnabled": false
    },
    "public.media": {
      "name": "media",
      "schema": "",
      "columns": {
        "id": {
          "name": "id",
          "type": "serial",
          "primaryKey": true,
          "notNull": true
        },
        "alt": {
          "name": "alt",
          "type": "varchar",
          "primaryKey": false,
          "notNull": true
        },
        "updated_at": {
          "name": "updated_at",
          "type": "timestamp(3) with time zone",
          "primaryKey": false,
          "notNull": true,
          "default": "now()"
        },
        "created_at": {
          "name": "created_at",
          "type": "timestamp(3) with time zone",
          "primaryKey": false,
          "notNull": true,
          "default": "now()"
        },
        "url": {
          "name": "url",
          "type": "varchar",
          "primaryKey": false,
          "notNull": false
        },
        "thumbnail_u_r_l": {
          "name": "thumbnail_u_r_l",
          "type": "varchar",
          "primaryKey": false,
          "notNull": false
        },
        "filename": {
          "name": "filename",
          "type": "varchar",
          "primaryKey": false,
          "notNull": false
        },
        "mime_type": {
          "name": "mime_type",
          "type": "varchar",
          "primaryKey": false,
          "notNull": false
        },
        "filesize": {
          "name": "filesize",
          "type": "numeric",
          "primaryKey": false,
          "notNull": false
        },
        "width": {
          "name": "width",
          "type": "numeric",
          "primaryKey": false,
          "notNull": false
        },
        "height": {
          "name": "height",
          "type": "numeric",
          "primaryKey": false,
          "notNull": false
        },
        "focal_x": {
          "name": "focal_x",
          "type": "numeric",
          "primaryKey": false,
          "notNull": false
        },
        "focal_y": {
          "name": "focal_y",
          "type": "numeric",
          "primaryKey": false,
          "notNull": false
        }
      },
      "indexes": {
        "media_updated_at_idx": {
          "name": "media_updated_at_idx",
          "columns": [
            {
              "expression": "updated_at",
              "isExpression": false,
              "asc": true,
              "nulls": "last"
            }
          ],
          "isUnique": false,
          "concurrently": false,
          "method": "btree",
          "with": {}
        },
        "media_created_at_idx": {
          "name": "media_created_at_idx",
          "columns": [
            {
              "expression": "created_at",
              "isExpression": false,
              "asc": true,
              "nulls": "last"
            }
          ],
          "isUnique": false,
          "concurrently": false,
          "method": "btree",
          "with": {}
        },
        "media_filename_idx": {
          "name": "media_filename_idx",
          "columns": [
            {
              "expression": "filename",
              "isExpression": false,
              "asc": true,
              "nulls": "last"
            }
          ],
          "isUnique": true,
          "concurrently": false,
          "method": "btree",
          "with": {}
        }
      },
      "foreignKeys": {},
      "compositePrimaryKeys": {},
      "uniqueConstraints": {},
      "policies": {},
      "checkConstraints": {},
      "isRLSEnabled": false
    },
    "public.payload_locked_documents": {
      "name": "payload_locked_documents",
      "schema": "",
      "columns": {
        "id": {
          "name": "id",
          "type": "serial",
          "primaryKey": true,
          "notNull": true
        },
        "global_slug": {
          "name": "global_slug",
          "type": "varchar",
          "primaryKey": false,
          "notNull": false
        },
        "updated_at": {
          "name": "updated_at",
          "type": "timestamp(3) with time zone",
          "primaryKey": false,
          "notNull": true,
          "default": "now()"
        },
        "created_at": {
          "name": "created_at",
          "type": "timestamp(3) with time zone",
          "primaryKey": false,
          "notNull": true,
          "default": "now()"
        }
      },
      "indexes": {
        "payload_locked_documents_global_slug_idx": {
          "name": "payload_locked_documents_global_slug_idx",
          "columns": [
            {
              "expression": "global_slug",
              "isExpression": false,
              "asc": true,
              "nulls": "last"
            }
          ],
          "isUnique": false,
          "concurrently": false,
          "method": "btree",
          "with": {}
        },
        "payload_locked_documents_updated_at_idx": {
          "name": "payload_locked_documents_updated_at_idx",
          "columns": [
            {
              "expression": "updated_at",
              "isExpression": false,
              "asc": true,
              "nulls": "last"
            }
          ],
          "isUnique": false,
          "concurrently": false,
          "method": "btree",
          "with": {}
        },
        "payload_locked_documents_created_at_idx": {
          "name": "payload_locked_documents_created_at_idx",
          "columns": [
            {
              "expression": "created_at",
              "isExpression": false,
              "asc": true,
              "nulls": "last"
            }
          ],
          "isUnique": false,
          "concurrently": false,
          "method": "btree",
          "with": {}
        }
      },
      "foreignKeys": {},
      "compositePrimaryKeys": {},
      "uniqueConstraints": {},
      "policies": {},
      "checkConstraints": {},
      "isRLSEnabled": false
    },
    "public.payload_locked_documents_rels": {
      "name": "payload_locked_documents_rels",
      "schema": "",
      "columns": {
        "id": {
          "name": "id",
          "type": "serial",
          "primaryKey": true,
          "notNull": true
        },
        "order": {
          "name": "order",
          "type": "integer",
          "primaryKey": false,
          "notNull": false
        },
        "parent_id": {
          "name": "parent_id",
          "type": "integer",
          "primaryKey": false,
          "notNull": true
        },
        "path": {
          "name": "path",
          "type": "varchar",
          "primaryKey": false,
          "notNull": true
        },
        "users_id": {
          "name": "users_id",
          "type": "integer",
          "primaryKey": false,
          "notNull": false
        },
        "media_id": {
          "name": "media_id",
          "type": "integer",
          "primaryKey": false,
          "notNull": false
        }
      },
      "indexes": {
        "payload_locked_documents_rels_order_idx": {
          "name": "payload_locked_documents_rels_order_idx",
          "columns": [
            {
              "expression": "order",
              "isExpression": false,
              "asc": true,
              "nulls": "last"
            }
          ],
          "isUnique": false,
          "concurrently": false,
          "method": "btree",
          "with": {}
        },
        "payload_locked_documents_rels_parent_idx": {
          "name": "payload_locked_documents_rels_parent_idx",
          "columns": [
            {
              "expression": "parent_id",
              "isExpression": false,
              "asc": true,
              "nulls": "last"
            }
          ],
          "isUnique": false,
          "concurrently": false,
          "method": "btree",
          "with": {}
        },
        "payload_locked_documents_rels_path_idx": {
          "name": "payload_locked_documents_rels_path_idx",
          "columns": [
            {
              "expression": "path",
              "isExpression": false,
              "asc": true,
              "nulls": "last"
            }
          ],
          "isUnique": false,
          "concurrently": false,
          "method": "btree",
          "with": {}
        },
        "payload_locked_documents_rels_users_id_idx": {
          "name": "payload_locked_documents_rels_users_id_idx",
          "columns": [
            {
              "expression": "users_id",
              "isExpression": false,
              "asc": true,
              "nulls": "last"
            }
          ],
          "isUnique": false,
          "concurrently": false,
          "method": "btree",
          "with": {}
        },
        "payload_locked_documents_rels_media_id_idx": {
          "name": "payload_locked_documents_rels_media_id_idx",
          "columns": [
            {
              "expression": "media_id",
              "isExpression": false,
              "asc": true,
              "nulls": "last"
            }
          ],
          "isUnique": false,
          "concurrently": false,
          "method": "btree",
          "with": {}
        }
      },
      "foreignKeys": {
        "payload_locked_documents_rels_parent_fk": {
          "name": "payload_locked_documents_rels_parent_fk",
          "tableFrom": "payload_locked_documents_rels",
          "tableTo": "payload_locked_documents",
          "columnsFrom": [
            "parent_id"
          ],
          "columnsTo": [
            "id"
          ],
          "onDelete": "cascade",
          "onUpdate": "no action"
        },
        "payload_locked_documents_rels_users_fk": {
          "name": "payload_locked_documents_rels_users_fk",
          "tableFrom": "payload_locked_documents_rels",
          "tableTo": "users",
          "columnsFrom": [
            "users_id"
          ],
          "columnsTo": [
            "id"
          ],
          "onDelete": "cascade",
          "onUpdate": "no action"
        },
        "payload_locked_documents_rels_media_fk": {
          "name": "payload_locked_documents_rels_media_fk",
          "tableFrom": "payload_locked_documents_rels",
          "tableTo": "media",
          "columnsFrom": [
            "media_id"
          ],
          "columnsTo": [
            "id"
          ],
          "onDelete": "cascade",
          "onUpdate": "no action"
        }
      },
      "compositePrimaryKeys": {},
      "uniqueConstraints": {},
      "policies": {},
      "checkConstraints": {},
      "isRLSEnabled": false
    },
    "public.payload_preferences": {
      "name": "payload_preferences",
      "schema": "",
      "columns": {
        "id": {
          "name": "id",
          "type": "serial",
          "primaryKey": true,
          "notNull": true
        },
        "key": {
          "name": "key",
          "type": "varchar",
          "primaryKey": false,
          "notNull": false
        },
        "value": {
          "name": "value",
          "type": "jsonb",
          "primaryKey": false,
          "notNull": false
        },
        "updated_at": {
          "name": "updated_at",
          "type": "timestamp(3) with time zone",
          "primaryKey": false,
          "notNull": true,
          "default": "now()"
        },
        "created_at": {
          "name": "created_at",
          "type": "timestamp(3) with time zone",
          "primaryKey": false,
          "notNull": true,
          "default": "now()"
        }
      },
      "indexes": {
        "payload_preferences_key_idx": {
          "name": "payload_preferences_key_idx",
          "columns": [
            {
              "expression": "key",
              "isExpression": false,
              "asc": true,
              "nulls": "last"
            }
          ],
          "isUnique": false,
          "concurrently": false,
          "method": "btree",
          "with": {}
        },
        "payload_preferences_updated_at_idx": {
          "name": "payload_preferences_updated_at_idx",
          "columns": [
            {
              "expression": "updated_at",
              "isExpression": false,
              "asc": true,
              "nulls": "last"
            }
          ],
          "isUnique": false,
          "concurrently": false,
          "method": "btree",
          "with": {}
        },
        "payload_preferences_created_at_idx": {
          "name": "payload_preferences_created_at_idx",
          "columns": [
            {
              "expression": "created_at",
              "isExpression": false,
              "asc": true,
              "nulls": "last"
            }
          ],
          "isUnique": false,
          "concurrently": false,
          "method": "btree",
          "with": {}
        }
      },
      "foreignKeys": {},
      "compositePrimaryKeys": {},
      "uniqueConstraints": {},
      "policies": {},
      "checkConstraints": {},
      "isRLSEnabled": false
    },
    "public.payload_preferences_rels": {
      "name": "payload_preferences_rels",
      "schema": "",
      "columns": {
        "id": {
          "name": "id",
          "type": "serial",
          "primaryKey": true,
          "notNull": true
        },
        "order": {
          "name": "order",
          "type": "integer",
          "primaryKey": false,
          "notNull": false
        },
        "parent_id": {
          "name": "parent_id",
          "type": "integer",
          "primaryKey": false,
          "notNull": true
        },
        "path": {
          "name": "path",
          "type": "varchar",
          "primaryKey": false,
          "notNull": true
        },
        "users_id": {
          "name": "users_id",
          "type": "integer",
          "primaryKey": false,
          "notNull": false
        }
      },
      "indexes": {
        "payload_preferences_rels_order_idx": {
          "name": "payload_preferences_rels_order_idx",
          "columns": [
            {
              "expression": "order",
              "isExpression": false,
              "asc": true,
              "nulls": "last"
            }
          ],
          "isUnique": false,
          "concurrently": false,
          "method": "btree",
          "with": {}
        },
        "payload_preferences_rels_parent_idx": {
          "name": "payload_preferences_rels_parent_idx",
          "columns": [
            {
              "expression": "parent_id",
              "isExpression": false,
              "asc": true,
              "nulls": "last"
            }
          ],
          "isUnique": false,
          "concurrently": false,
          "method": "btree",
          "with": {}
        },
        "payload_preferences_rels_path_idx": {
          "name": "payload_preferences_rels_path_idx",
          "columns": [
            {
              "expression": "path",
              "isExpression": false,
              "asc": true,
              "nulls": "last"
            }
          ],
          "isUnique": false,
          "concurrently": false,
          "method": "btree",
          "with": {}
        },
        "payload_preferences_rels_users_id_idx": {
          "name": "payload_preferences_rels_users_id_idx",
          "columns": [
            {
              "expression": "users_id",
              "isExpression": false,
              "asc": true,
              "nulls": "last"
            }
          ],
          "isUnique": false,
          "concurrently": false,
          "method": "btree",
          "with": {}
        }
      },
      "foreignKeys": {
        "payload_preferences_rels_parent_fk": {
          "name": "payload_preferences_rels_parent_fk",
          "tableFrom": "payload_preferences_rels",
          "tableTo": "payload_preferences",
          "columnsFrom": [
            "parent_id"
          ],
          "columnsTo": [
            "id"
          ],
          "onDelete": "cascade",
          "onUpdate": "no action"
        },
        "payload_preferences_rels_users_fk": {
          "name": "payload_preferences_rels_users_fk",
          "tableFrom": "payload_preferences_rels",
          "tableTo": "users",
          "columnsFrom": [
            "users_id"
          ],
          "columnsTo": [
            "id"
          ],
          "onDelete": "cascade",
          "onUpdate": "no action"
        }
      },
      "compositePrimaryKeys": {},
      "uniqueConstraints": {},
      "policies": {},
      "checkConstraints": {},
      "isRLSEnabled": false
    },
    "public.payload_migrations": {
      "name": "payload_migrations",
      "schema": "",
      "columns": {
        "id": {
          "name": "id",
          "type": "serial",
          "primaryKey": true,
          "notNull": true
        },
        "name": {
          "name": "name",
          "type": "varchar",
          "primaryKey": false,
          "notNull": false
        },
        "batch": {
          "name": "batch",
          "type": "numeric",
          "primaryKey": false,
          "notNull": false
        },
        "updated_at": {
          "name": "updated_at",
          "type": "timestamp(3) with time zone",
          "primaryKey": false,
          "notNull": true,
          "default": "now()"
        },
        "created_at": {
          "name": "created_at",
          "type": "timestamp(3) with time zone",
          "primaryKey": false,
          "notNull": true,
          "default": "now()"
        }
      },
      "indexes": {
        "payload_migrations_updated_at_idx": {
          "name": "payload_migrations_updated_at_idx",
          "columns": [
            {
              "expression": "updated_at",
              "isExpression": false,
              "asc": true,
              "nulls": "last"
            }
          ],
          "isUnique": false,
          "concurrently": false,
          "method": "btree",
          "with": {}
        },
        "payload_migrations_created_at_idx": {
          "name": "payload_migrations_created_at_idx",
          "columns": [
            {
              "expression": "created_at",
              "isExpression": false,
              "asc": true,
              "nulls": "last"
            }
          ],
          "isUnique": false,
          "concurrently": false,
          "method": "btree",
          "with": {}
        }
      },
      "foreignKeys": {},
      "compositePrimaryKeys": {},
      "uniqueConstraints": {},
      "policies": {},
      "checkConstraints": {},
      "isRLSEnabled": false
    }
  },
  "enums": {},
  "schemas": {},
  "sequences": {},
  "roles": {},
  "policies": {},
  "views": {},
  "_meta": {
    "schemas": {},
    "tables": {},
    "columns": {}
  }
}