{
  "id": "b631a9dd-8db5-49da-87e1-30a1035fab04",
  "prevId": "00000000-0000-0000-0000-000000000000",
  "version": "7",
  "dialect": "postgresql",
  "tables": {
    "public.users_sessions": {
      "name": "users_sessions",
      "schema": "",
      "columns": {
        "_order": {
          "name": "_order",
          "type": "integer",
          "primaryKey": false,
          "notNull": true
        },
        "_parent_id": {
          "name": "_parent_id",
          "type": "integer",
          "primaryKey": false,
          "notNull": true
        },
        "id": {
          "name": "id",
          "type": "varchar",
          "primaryKey": true,
          "notNull": true
        },
        "created_at": {
          "name": "created_at",
          "type": "timestamp(3) with time zone",
          "primaryKey": false,
          "notNull": false
        },
        "expires_at": {
          "name": "expires_at",
          "type": "timestamp(3) with time zone",
          "primaryKey": false,
          "notNull": true
        }
      },
      "indexes": {
        "users_sessions_order_idx": {
          "name": "users_sessions_order_idx",
          "columns": [
            {
              "expression": "_order",
              "isExpression": false,
              "asc": true,
              "nulls": "last"
            }
          ],
          "isUnique": false,
          "concurrently": false,
          "method": "btree",
          "with": {}
        },
        "users_sessions_parent_id_idx": {
          "name": "users_sessions_parent_id_idx",
          "columns": [
            {
              "expression": "_parent_id",
              "isExpression": false,
              "asc": true,
              "nulls": "last"
            }
          ],
          "isUnique": false,
          "concurrently": false,
          "method": "btree",
          "with": {}
        }
      },
      "foreignKeys": {
        "users_sessions_parent_id_fk": {
          "name": "users_sessions_parent_id_fk",
          "tableFrom": "users_sessions",
          "tableTo": "users",
          "columnsFrom": [
            "_parent_id"
          ],
          "columnsTo": [
            "id"
          ],
          "onDelete": "cascade",
          "onUpdate": "no action"
        }
      },
      "compositePrimaryKeys": {},
      "uniqueConstraints": {},
      "policies": {},
      "checkConstraints": {},
      "isRLSEnabled": false
    },
    "public.users": {
      "name": "users",
      "schema": "",
      "columns": {
        "id": {
          "name": "id",
          "type": "serial",
          "primaryKey": true,
          "notNull": true
        },
        "updated_at": {
          "name": "updated_at",
          "type": "timestamp(3) with time zone",
          "primaryKey": false,
          "notNull": true,
          "default": "now()"
        },
        "created_at": {
          "name": "created_at",
          "type": "timestamp(3) with time zone",
          "primaryKey": false,
          "notNull": true,
          "default": "now()"
        },
        "email": {
          "name": "email",
          "type": "varchar",
          "primaryKey": false,
          "notNull": true
        },
        "reset_password_token": {
          "name": "reset_password_token",
          "type": "varchar",
          "primaryKey": false,
          "notNull": false
        },
        "reset_password_expiration": {
          "name": "reset_password_expiration",
          "type": "timestamp(3) with time zone",
          "primaryKey": false,
          "notNull": false
        },
        "salt": {
          "name": "salt",
          "type": "varchar",
          "primaryKey": false,
          "notNull": false
        },
        "hash": {
          "name": "hash",
          "type": "varchar",
          "primaryKey": false,
          "notNull": false
        },
        "login_attempts": {
          "name": "login_attempts",
          "type": "numeric",
          "primaryKey": false,
          "notNull": false,
          "default": 0
        },
        "lock_until": {
          "name": "lock_until",
          "type": "timestamp(3) with time zone",
          "primaryKey": false,
          "notNull": false
        }
      },
      "indexes": {
        "users_updated_at_idx": {
          "name": "users_updated_at_idx",
          "columns": [
            {
              "expression": "updated_at",
              "isExpression": false,
              "asc": true,
              "nulls": "last"
            }
          ],
          "isUnique": false,
          "concurrently": false,
          "method": "btree",
          "with": {}
        },
        "users_created_at_idx": {
          "name": "users_created_at_idx",
          "columns": [
            {
              "expression": "created_at",
              "isExpression": false,
              "asc": true,
              "nulls": "last"
            }
          ],
          "isUnique": false,
          "concurrently": false,
          "method": "btree",
          "with": {}
        },
        "users_email_idx": {
          "name": "users_email_idx",
          "columns": [
            {
              "expression": "email",
              "isExpression": false,
              "asc": true,
              "nulls": "last"
            }
          ],
          "isUnique": true,
          "concurrently": false,
          "method": "btree",
          "with": {}
        }
      },
      "foreignKeys": {},
      "compositePrimaryKeys": {},
      "uniqueConstraints": {},
      "policies": {},
      "checkConstraints": {},
      "isRLSEnabled": false
    },
    "public.media": {
      "name": "media",
      "schema": "",
      "columns": {
        "id": {
          "name": "id",
          "type": "serial",
          "primaryKey": true,
          "notNull": true
        },
        "alt": {
          "name": "alt",
          "type": "varchar",
          "primaryKey": false,
          "notNull": true
        },
        "updated_at": {
          "name": "updated_at",
          "type": "timestamp(3) with time zone",
          "primaryKey": false,
          "notNull": true,
          "default": "now()"
        },
        "created_at": {
          "name": "created_at",
          "type": "timestamp(3) with time zone",
          "primaryKey": false,
          "notNull": true,
          "default": "now()"
        },
        "url": {
          "name": "url",
          "type": "varchar",
          "primaryKey": false,
          "notNull": false
        },
        "thumbnail_u_r_l": {
          "name": "thumbnail_u_r_l",
          "type": "varchar",
          "primaryKey": false,
          "notNull": false
        },
        "filename": {
          "name": "filename",
          "type": "varchar",
          "primaryKey": false,
          "notNull": false
        },
        "mime_type": {
          "name": "mime_type",
          "type": "varchar",
          "primaryKey": false,
          "notNull": false
        },
        "filesize": {
          "name": "filesize",
          "type": "numeric",
          "primaryKey": false,
          "notNull": false
        },
        "width": {
          "name": "width",
          "type": "numeric",
          "primaryKey": false,
          "notNull": false
        },
        "height": {
          "name": "height",
          "type": "numeric",
          "primaryKey": false,
          "notNull": false
        },
        "focal_x": {
          "name": "focal_x",
          "type": "numeric",
          "primaryKey": false,
          "notNull": false
        },
        "focal_y": {
          "name": "focal_y",
          "type": "numeric",
          "primaryKey": false,
          "notNull": false
        }
      },
      "indexes": {
        "media_updated_at_idx": {
          "name": "media_updated_at_idx",
          "columns": [
            {
              "expression": "updated_at",
              "isExpression": false,
              "asc": true,
              "nulls": "last"
            }
          ],
          "isUnique": false,
          "concurrently": false,
          "method": "btree",
          "with": {}
        },
        "media_created_at_idx": {
          "name": "media_created_at_idx",
          "columns": [
            {
              "expression": "created_at",
              "isExpression": false,
              "asc": true,
              "nulls": "last"
            }
          ],
          "isUnique": false,
          "concurrently": false,
          "method": "btree",
          "with": {}
        },
        "media_filename_idx": {
          "name": "media_filename_idx",
          "columns": [
            {
              "expression": "filename",
              "isExpression": false,
              "asc": true,
              "nulls": "last"
            }
          ],
          "isUnique": true,
          "concurrently": false,
          "method": "btree",
          "with": {}
        }
      },
      "foreignKeys": {},
      "compositePrimaryKeys": {},
      "uniqueConstraints": {},
      "policies": {},
      "checkConstraints": {},
      "isRLSEnabled": false
    },
    "public.paintcolor": {
      "name": "paintcolor",
      "schema": "",
      "columns": {
        "id": {
          "name": "id",
          "type": "serial",
          "primaryKey": true,
          "notNull": true
        },
        "paint_color": {
          "name": "paint_color",
          "type": "varchar",
          "primaryKey": false,
          "notNull": true
        },
        "updated_at": {
          "name": "updated_at",
          "type": "timestamp(3) with time zone",
          "primaryKey": false,
          "notNull": true,
          "default": "now()"
        },
        "created_at": {
          "name": "created_at",
          "type": "timestamp(3) with time zone",
          "primaryKey": false,
          "notNull": true,
          "default": "now()"
        }
      },
      "indexes": {
        "paintcolor_updated_at_idx": {
          "name": "paintcolor_updated_at_idx",
          "columns": [
            {
              "expression": "updated_at",
              "isExpression": false,
              "asc": true,
              "nulls": "last"
            }
          ],
          "isUnique": false,
          "concurrently": false,
          "method": "btree",
          "with": {}
        },
        "paintcolor_created_at_idx": {
          "name": "paintcolor_created_at_idx",
          "columns": [
            {
              "expression": "created_at",
              "isExpression": false,
              "asc": true,
              "nulls": "last"
            }
          ],
          "isUnique": false,
          "concurrently": false,
          "method": "btree",
          "with": {}
        }
      },
      "foreignKeys": {},
      "compositePrimaryKeys": {},
      "uniqueConstraints": {},
      "policies": {},
      "checkConstraints": {},
      "isRLSEnabled": false
    },
    "public.paint_types": {
      "name": "paint_types",
      "schema": "",
      "columns": {
        "id": {
          "name": "id",
          "type": "serial",
          "primaryKey": true,
          "notNull": true
        },
        "name": {
          "name": "name",
          "type": "varchar",
          "primaryKey": false,
          "notNull": true
        },
        "description": {
          "name": "description",
          "type": "varchar",
          "primaryKey": false,
          "notNull": false
        },
        "is_active": {
          "name": "is_active",
          "type": "boolean",
          "primaryKey": false,
          "notNull": false,
          "default": true
        },
        "updated_at": {
          "name": "updated_at",
          "type": "timestamp(3) with time zone",
          "primaryKey": false,
          "notNull": true,
          "default": "now()"
        },
        "created_at": {
          "name": "created_at",
          "type": "timestamp(3) with time zone",
          "primaryKey": false,
          "notNull": true,
          "default": "now()"
        }
      },
      "indexes": {
        "paint_types_updated_at_idx": {
          "name": "paint_types_updated_at_idx",
          "columns": [
            {
              "expression": "updated_at",
              "isExpression": false,
              "asc": true,
              "nulls": "last"
            }
          ],
          "isUnique": false,
          "concurrently": false,
          "method": "btree",
          "with": {}
        },
        "paint_types_created_at_idx": {
          "name": "paint_types_created_at_idx",
          "columns": [
            {
              "expression": "created_at",
              "isExpression": false,
              "asc": true,
              "nulls": "last"
            }
          ],
          "isUnique": false,
          "concurrently": false,
          "method": "btree",
          "with": {}
        }
      },
      "foreignKeys": {},
      "compositePrimaryKeys": {},
      "uniqueConstraints": {},
      "policies": {},
      "checkConstraints": {},
      "isRLSEnabled": false
    },
    "public.surface_types": {
      "name": "surface_types",
      "schema": "",
      "columns": {
        "id": {
          "name": "id",
          "type": "serial",
          "primaryKey": true,
          "notNull": true
        },
        "name": {
          "name": "name",
          "type": "varchar",
          "primaryKey": false,
          "notNull": true
        },
        "category": {
          "name": "category",
          "type": "enum_surface_types_category",
          "typeSchema": "public",
          "primaryKey": false,
          "notNull": true
        },
        "description": {
          "name": "description",
          "type": "varchar",
          "primaryKey": false,
          "notNull": false
        },
        "is_active": {
          "name": "is_active",
          "type": "boolean",
          "primaryKey": false,
          "notNull": false,
          "default": true
        },
        "updated_at": {
          "name": "updated_at",
          "type": "timestamp(3) with time zone",
          "primaryKey": false,
          "notNull": true,
          "default": "now()"
        },
        "created_at": {
          "name": "created_at",
          "type": "timestamp(3) with time zone",
          "primaryKey": false,
          "notNull": true,
          "default": "now()"
        }
      },
      "indexes": {
        "surface_types_updated_at_idx": {
          "name": "surface_types_updated_at_idx",
          "columns": [
            {
              "expression": "updated_at",
              "isExpression": false,
              "asc": true,
              "nulls": "last"
            }
          ],
          "isUnique": false,
          "concurrently": false,
          "method": "btree",
          "with": {}
        },
        "surface_types_created_at_idx": {
          "name": "surface_types_created_at_idx",
          "columns": [
            {
              "expression": "created_at",
              "isExpression": false,
              "asc": true,
              "nulls": "last"
            }
          ],
          "isUnique": false,
          "concurrently": false,
          "method": "btree",
          "with": {}
        }
      },
      "foreignKeys": {},
      "compositePrimaryKeys": {},
      "uniqueConstraints": {},
      "policies": {},
      "checkConstraints": {},
      "isRLSEnabled": false
    },
    "public.paint_qualities": {
      "name": "paint_qualities",
      "schema": "",
      "columns": {
        "id": {
          "name": "id",
          "type": "serial",
          "primaryKey": true,
          "notNull": true
        },
        "name": {
          "name": "name",
          "type": "varchar",
          "primaryKey": false,
          "notNull": true
        },
        "level": {
          "name": "level",
          "type": "enum_paint_qualities_level",
          "typeSchema": "public",
          "primaryKey": false,
          "notNull": true
        },
        "description": {
          "name": "description",
          "type": "varchar",
          "primaryKey": false,
          "notNull": false
        },
        "is_active": {
          "name": "is_active",
          "type": "boolean",
          "primaryKey": false,
          "notNull": false,
          "default": true
        },
        "updated_at": {
          "name": "updated_at",
          "type": "timestamp(3) with time zone",
          "primaryKey": false,
          "notNull": true,
          "default": "now()"
        },
        "created_at": {
          "name": "created_at",
          "type": "timestamp(3) with time zone",
          "primaryKey": false,
          "notNull": true,
          "default": "now()"
        }
      },
      "indexes": {
        "paint_qualities_updated_at_idx": {
          "name": "paint_qualities_updated_at_idx",
          "columns": [
            {
              "expression": "updated_at",
              "isExpression": false,
              "asc": true,
              "nulls": "last"
            }
          ],
          "isUnique": false,
          "concurrently": false,
          "method": "btree",
          "with": {}
        },
        "paint_qualities_created_at_idx": {
          "name": "paint_qualities_created_at_idx",
          "columns": [
            {
              "expression": "created_at",
              "isExpression": false,
              "asc": true,
              "nulls": "last"
            }
          ],
          "isUnique": false,
          "concurrently": false,
          "method": "btree",
          "with": {}
        }
      },
      "foreignKeys": {},
      "compositePrimaryKeys": {},
      "uniqueConstraints": {},
      "policies": {},
      "checkConstraints": {},
      "isRLSEnabled": false
    },
    "public.surface_conditions": {
      "name": "surface_conditions",
      "schema": "",
      "columns": {
        "id": {
          "name": "id",
          "type": "serial",
          "primaryKey": true,
          "notNull": true
        },
        "name": {
          "name": "name",
          "type": "varchar",
          "primaryKey": false,
          "notNull": true
        },
        "description": {
          "name": "description",
          "type": "varchar",
          "primaryKey": false,
          "notNull": false
        },
        "prep_time_wall": {
          "name": "prep_time_wall",
          "type": "numeric",
          "primaryKey": false,
          "notNull": true
        },
        "prep_time_ceiling": {
          "name": "prep_time_ceiling",
          "type": "numeric",
          "primaryKey": false,
          "notNull": true
        },
        "prep_time_door": {
          "name": "prep_time_door",
          "type": "numeric",
          "primaryKey": false,
          "notNull": true
        },
        "prep_time_linear": {
          "name": "prep_time_linear",
          "type": "numeric",
          "primaryKey": false,
          "notNull": true
        },
        "is_active": {
          "name": "is_active",
          "type": "boolean",
          "primaryKey": false,
          "notNull": false,
          "default": true
        },
        "updated_at": {
          "name": "updated_at",
          "type": "timestamp(3) with time zone",
          "primaryKey": false,
          "notNull": true,
          "default": "now()"
        },
        "created_at": {
          "name": "created_at",
          "type": "timestamp(3) with time zone",
          "primaryKey": false,
          "notNull": true,
          "default": "now()"
        }
      },
      "indexes": {
        "surface_conditions_updated_at_idx": {
          "name": "surface_conditions_updated_at_idx",
          "columns": [
            {
              "expression": "updated_at",
              "isExpression": false,
              "asc": true,
              "nulls": "last"
            }
          ],
          "isUnique": false,
          "concurrently": false,
          "method": "btree",
          "with": {}
        },
        "surface_conditions_created_at_idx": {
          "name": "surface_conditions_created_at_idx",
          "columns": [
            {
              "expression": "created_at",
              "isExpression": false,
              "asc": true,
              "nulls": "last"
            }
          ],
          "isUnique": false,
          "concurrently": false,
          "method": "btree",
          "with": {}
        }
      },
      "foreignKeys": {},
      "compositePrimaryKeys": {},
      "uniqueConstraints": {},
      "policies": {},
      "checkConstraints": {},
      "isRLSEnabled": false
    },
    "public.paint_data": {
      "name": "paint_data",
      "schema": "",
      "columns": {
        "id": {
          "name": "id",
          "type": "serial",
          "primaryKey": true,
          "notNull": true
        },
        "paint_type_id": {
          "name": "paint_type_id",
          "type": "integer",
          "primaryKey": false,
          "notNull": true
        },
        "surface_type_id": {
          "name": "surface_type_id",
          "type": "integer",
          "primaryKey": false,
          "notNull": true
        },
        "paint_quality_id": {
          "name": "paint_quality_id",
          "type": "integer",
          "primaryKey": false,
          "notNull": true
        },
        "cost_per_m2": {
          "name": "cost_per_m2",
          "type": "numeric",
          "primaryKey": false,
          "notNull": true
        },
        "coverage": {
          "name": "coverage",
          "type": "numeric",
          "primaryKey": false,
          "notNull": true
        },
        "notes": {
          "name": "notes",
          "type": "varchar",
          "primaryKey": false,
          "notNull": false
        },
        "is_active": {
          "name": "is_active",
          "type": "boolean",
          "primaryKey": false,
          "notNull": false,
          "default": true
        },
        "updated_at": {
          "name": "updated_at",
          "type": "timestamp(3) with time zone",
          "primaryKey": false,
          "notNull": true,
          "default": "now()"
        },
        "created_at": {
          "name": "created_at",
          "type": "timestamp(3) with time zone",
          "primaryKey": false,
          "notNull": true,
          "default": "now()"
        }
      },
      "indexes": {
        "paint_data_paint_type_idx": {
          "name": "paint_data_paint_type_idx",
          "columns": [
            {
              "expression": "paint_type_id",
              "isExpression": false,
              "asc": true,
              "nulls": "last"
            }
          ],
          "isUnique": false,
          "concurrently": false,
          "method": "btree",
          "with": {}
        },
        "paint_data_surface_type_idx": {
          "name": "paint_data_surface_type_idx",
          "columns": [
            {
              "expression": "surface_type_id",
              "isExpression": false,
              "asc": true,
              "nulls": "last"
            }
          ],
          "isUnique": false,
          "concurrently": false,
          "method": "btree",
          "with": {}
        },
        "paint_data_paint_quality_idx": {
          "name": "paint_data_paint_quality_idx",
          "columns": [
            {
              "expression": "paint_quality_id",
              "isExpression": false,
              "asc": true,
              "nulls": "last"
            }
          ],
          "isUnique": false,
          "concurrently": false,
          "method": "btree",
          "with": {}
        },
        "paint_data_updated_at_idx": {
          "name": "paint_data_updated_at_idx",
          "columns": [
            {
              "expression": "updated_at",
              "isExpression": false,
              "asc": true,
              "nulls": "last"
            }
          ],
          "isUnique": false,
          "concurrently": false,
          "method": "btree",
          "with": {}
        },
        "paint_data_created_at_idx": {
          "name": "paint_data_created_at_idx",
          "columns": [
            {
              "expression": "created_at",
              "isExpression": false,
              "asc": true,
              "nulls": "last"
            }
          ],
          "isUnique": false,
          "concurrently": false,
          "method": "btree",
          "with": {}
        },
        "paintType_surfaceType_paintQuality_idx": {
          "name": "paintType_surfaceType_paintQuality_idx",
          "columns": [
            {
              "expression": "paint_type_id",
              "isExpression": false,
              "asc": true,
              "nulls": "last"
            },
            {
              "expression": "surface_type_id",
              "isExpression": false,
              "asc": true,
              "nulls": "last"
            },
            {
              "expression": "paint_quality_id",
              "isExpression": false,
              "asc": true,
              "nulls": "last"
            }
          ],
          "isUnique": true,
          "concurrently": false,
          "method": "btree",
          "with": {}
        }
      },
      "foreignKeys": {
        "paint_data_paint_type_id_paint_types_id_fk": {
          "name": "paint_data_paint_type_id_paint_types_id_fk",
          "tableFrom": "paint_data",
          "tableTo": "paint_types",
          "columnsFrom": [
            "paint_type_id"
          ],
          "columnsTo": [
            "id"
          ],
          "onDelete": "set null",
          "onUpdate": "no action"
        },
        "paint_data_surface_type_id_surface_types_id_fk": {
          "name": "paint_data_surface_type_id_surface_types_id_fk",
          "tableFrom": "paint_data",
          "tableTo": "surface_types",
          "columnsFrom": [
            "surface_type_id"
          ],
          "columnsTo": [
            "id"
          ],
          "onDelete": "set null",
          "onUpdate": "no action"
        },
        "paint_data_paint_quality_id_paint_qualities_id_fk": {
          "name": "paint_data_paint_quality_id_paint_qualities_id_fk",
          "tableFrom": "paint_data",
          "tableTo": "paint_qualities",
          "columnsFrom": [
            "paint_quality_id"
          ],
          "columnsTo": [
            "id"
          ],
          "onDelete": "set null",
          "onUpdate": "no action"
        }
      },
      "compositePrimaryKeys": {},
      "uniqueConstraints": {},
      "policies": {},
      "checkConstraints": {},
      "isRLSEnabled": false
    },
    "public.labor_rates": {
      "name": "labor_rates",
      "schema": "",
      "columns": {
        "id": {
          "name": "id",
          "type": "serial",
          "primaryKey": true,
          "notNull": true
        },
        "name": {
          "name": "name",
          "type": "varchar",
          "primaryKey": false,
          "notNull": true
        },
        "region": {
          "name": "region",
          "type": "varchar",
          "primaryKey": false,
          "notNull": false
        },
        "hourly_rate": {
          "name": "hourly_rate",
          "type": "numeric",
          "primaryKey": false,
          "notNull": true
        },
        "overhead_rate": {
          "name": "overhead_rate",
          "type": "numeric",
          "primaryKey": false,
          "notNull": true
        },
        "profit_margin": {
          "name": "profit_margin",
          "type": "numeric",
          "primaryKey": false,
          "notNull": true
        },
        "total_rate": {
          "name": "total_rate",
          "type": "numeric",
          "primaryKey": false,
          "notNull": false
        },
        "effective_date": {
          "name": "effective_date",
          "type": "timestamp(3) with time zone",
          "primaryKey": false,
          "notNull": true
        },
        "is_active": {
          "name": "is_active",
          "type": "boolean",
          "primaryKey": false,
          "notNull": false,
          "default": true
        },
        "updated_at": {
          "name": "updated_at",
          "type": "timestamp(3) with time zone",
          "primaryKey": false,
          "notNull": true,
          "default": "now()"
        },
        "created_at": {
          "name": "created_at",
          "type": "timestamp(3) with time zone",
          "primaryKey": false,
          "notNull": true,
          "default": "now()"
        }
      },
      "indexes": {
        "labor_rates_updated_at_idx": {
          "name": "labor_rates_updated_at_idx",
          "columns": [
            {
              "expression": "updated_at",
              "isExpression": false,
              "asc": true,
              "nulls": "last"
            }
          ],
          "isUnique": false,
          "concurrently": false,
          "method": "btree",
          "with": {}
        },
        "labor_rates_created_at_idx": {
          "name": "labor_rates_created_at_idx",
          "columns": [
            {
              "expression": "created_at",
              "isExpression": false,
              "asc": true,
              "nulls": "last"
            }
          ],
          "isUnique": false,
          "concurrently": false,
          "method": "btree",
          "with": {}
        }
      },
      "foreignKeys": {},
      "compositePrimaryKeys": {},
      "uniqueConstraints": {},
      "policies": {},
      "checkConstraints": {},
      "isRLSEnabled": false
    },
    "public.payload_locked_documents": {
      "name": "payload_locked_documents",
      "schema": "",
      "columns": {
        "id": {
          "name": "id",
          "type": "serial",
          "primaryKey": true,
          "notNull": true
        },
        "global_slug": {
          "name": "global_slug",
          "type": "varchar",
          "primaryKey": false,
          "notNull": false
        },
        "updated_at": {
          "name": "updated_at",
          "type": "timestamp(3) with time zone",
          "primaryKey": false,
          "notNull": true,
          "default": "now()"
        },
        "created_at": {
          "name": "created_at",
          "type": "timestamp(3) with time zone",
          "primaryKey": false,
          "notNull": true,
          "default": "now()"
        }
      },
      "indexes": {
        "payload_locked_documents_global_slug_idx": {
          "name": "payload_locked_documents_global_slug_idx",
          "columns": [
            {
              "expression": "global_slug",
              "isExpression": false,
              "asc": true,
              "nulls": "last"
            }
          ],
          "isUnique": false,
          "concurrently": false,
          "method": "btree",
          "with": {}
        },
        "payload_locked_documents_updated_at_idx": {
          "name": "payload_locked_documents_updated_at_idx",
          "columns": [
            {
              "expression": "updated_at",
              "isExpression": false,
              "asc": true,
              "nulls": "last"
            }
          ],
          "isUnique": false,
          "concurrently": false,
          "method": "btree",
          "with": {}
        },
        "payload_locked_documents_created_at_idx": {
          "name": "payload_locked_documents_created_at_idx",
          "columns": [
            {
              "expression": "created_at",
              "isExpression": false,
              "asc": true,
              "nulls": "last"
            }
          ],
          "isUnique": false,
          "concurrently": false,
          "method": "btree",
          "with": {}
        }
      },
      "foreignKeys": {},
      "compositePrimaryKeys": {},
      "uniqueConstraints": {},
      "policies": {},
      "checkConstraints": {},
      "isRLSEnabled": false
    },
    "public.payload_locked_documents_rels": {
      "name": "payload_locked_documents_rels",
      "schema": "",
      "columns": {
        "id": {
          "name": "id",
          "type": "serial",
          "primaryKey": true,
          "notNull": true
        },
        "order": {
          "name": "order",
          "type": "integer",
          "primaryKey": false,
          "notNull": false
        },
        "parent_id": {
          "name": "parent_id",
          "type": "integer",
          "primaryKey": false,
          "notNull": true
        },
        "path": {
          "name": "path",
          "type": "varchar",
          "primaryKey": false,
          "notNull": true
        },
        "users_id": {
          "name": "users_id",
          "type": "integer",
          "primaryKey": false,
          "notNull": false
        },
        "media_id": {
          "name": "media_id",
          "type": "integer",
          "primaryKey": false,
          "notNull": false
        },
        "paintcolor_id": {
          "name": "paintcolor_id",
          "type": "integer",
          "primaryKey": false,
          "notNull": false
        },
        "paint_types_id": {
          "name": "paint_types_id",
          "type": "integer",
          "primaryKey": false,
          "notNull": false
        },
        "surface_types_id": {
          "name": "surface_types_id",
          "type": "integer",
          "primaryKey": false,
          "notNull": false
        },
        "paint_qualities_id": {
          "name": "paint_qualities_id",
          "type": "integer",
          "primaryKey": false,
          "notNull": false
        },
        "surface_conditions_id": {
          "name": "surface_conditions_id",
          "type": "integer",
          "primaryKey": false,
          "notNull": false
        },
        "paint_data_id": {
          "name": "paint_data_id",
          "type": "integer",
          "primaryKey": false,
          "notNull": false
        },
        "labor_rates_id": {
          "name": "labor_rates_id",
          "type": "integer",
          "primaryKey": false,
          "notNull": false
        }
      },
      "indexes": {
        "payload_locked_documents_rels_order_idx": {
          "name": "payload_locked_documents_rels_order_idx",
          "columns": [
            {
              "expression": "order",
              "isExpression": false,
              "asc": true,
              "nulls": "last"
            }
          ],
          "isUnique": false,
          "concurrently": false,
          "method": "btree",
          "with": {}
        },
        "payload_locked_documents_rels_parent_idx": {
          "name": "payload_locked_documents_rels_parent_idx",
          "columns": [
            {
              "expression": "parent_id",
              "isExpression": false,
              "asc": true,
              "nulls": "last"
            }
          ],
          "isUnique": false,
          "concurrently": false,
          "method": "btree",
          "with": {}
        },
        "payload_locked_documents_rels_path_idx": {
          "name": "payload_locked_documents_rels_path_idx",
          "columns": [
            {
              "expression": "path",
              "isExpression": false,
              "asc": true,
              "nulls": "last"
            }
          ],
          "isUnique": false,
          "concurrently": false,
          "method": "btree",
          "with": {}
        },
        "payload_locked_documents_rels_users_id_idx": {
          "name": "payload_locked_documents_rels_users_id_idx",
          "columns": [
            {
              "expression": "users_id",
              "isExpression": false,
              "asc": true,
              "nulls": "last"
            }
          ],
          "isUnique": false,
          "concurrently": false,
          "method": "btree",
          "with": {}
        },
        "payload_locked_documents_rels_media_id_idx": {
          "name": "payload_locked_documents_rels_media_id_idx",
          "columns": [
            {
              "expression": "media_id",
              "isExpression": false,
              "asc": true,
              "nulls": "last"
            }
          ],
          "isUnique": false,
          "concurrently": false,
          "method": "btree",
          "with": {}
        },
        "payload_locked_documents_rels_paintcolor_id_idx": {
          "name": "payload_locked_documents_rels_paintcolor_id_idx",
          "columns": [
            {
              "expression": "paintcolor_id",
              "isExpression": false,
              "asc": true,
              "nulls": "last"
            }
          ],
          "isUnique": false,
          "concurrently": false,
          "method": "btree",
          "with": {}
        },
        "payload_locked_documents_rels_paint_types_id_idx": {
          "name": "payload_locked_documents_rels_paint_types_id_idx",
          "columns": [
            {
              "expression": "paint_types_id",
              "isExpression": false,
              "asc": true,
              "nulls": "last"
            }
          ],
          "isUnique": false,
          "concurrently": false,
          "method": "btree",
          "with": {}
        },
        "payload_locked_documents_rels_surface_types_id_idx": {
          "name": "payload_locked_documents_rels_surface_types_id_idx",
          "columns": [
            {
              "expression": "surface_types_id",
              "isExpression": false,
              "asc": true,
              "nulls": "last"
            }
          ],
          "isUnique": false,
          "concurrently": false,
          "method": "btree",
          "with": {}
        },
        "payload_locked_documents_rels_paint_qualities_id_idx": {
          "name": "payload_locked_documents_rels_paint_qualities_id_idx",
          "columns": [
            {
              "expression": "paint_qualities_id",
              "isExpression": false,
              "asc": true,
              "nulls": "last"
            }
          ],
          "isUnique": false,
          "concurrently": false,
          "method": "btree",
          "with": {}
        },
        "payload_locked_documents_rels_surface_conditions_id_idx": {
          "name": "payload_locked_documents_rels_surface_conditions_id_idx",
          "columns": [
            {
              "expression": "surface_conditions_id",
              "isExpression": false,
              "asc": true,
              "nulls": "last"
            }
          ],
          "isUnique": false,
          "concurrently": false,
          "method": "btree",
          "with": {}
        },
        "payload_locked_documents_rels_paint_data_id_idx": {
          "name": "payload_locked_documents_rels_paint_data_id_idx",
          "columns": [
            {
              "expression": "paint_data_id",
              "isExpression": false,
              "asc": true,
              "nulls": "last"
            }
          ],
          "isUnique": false,
          "concurrently": false,
          "method": "btree",
          "with": {}
        },
        "payload_locked_documents_rels_labor_rates_id_idx": {
          "name": "payload_locked_documents_rels_labor_rates_id_idx",
          "columns": [
            {
              "expression": "labor_rates_id",
              "isExpression": false,
              "asc": true,
              "nulls": "last"
            }
          ],
          "isUnique": false,
          "concurrently": false,
          "method": "btree",
          "with": {}
        }
      },
      "foreignKeys": {
        "payload_locked_documents_rels_parent_fk": {
          "name": "payload_locked_documents_rels_parent_fk",
          "tableFrom": "payload_locked_documents_rels",
          "tableTo": "payload_locked_documents",
          "columnsFrom": [
            "parent_id"
          ],
          "columnsTo": [
            "id"
          ],
          "onDelete": "cascade",
          "onUpdate": "no action"
        },
        "payload_locked_documents_rels_users_fk": {
          "name": "payload_locked_documents_rels_users_fk",
          "tableFrom": "payload_locked_documents_rels",
          "tableTo": "users",
          "columnsFrom": [
            "users_id"
          ],
          "columnsTo": [
            "id"
          ],
          "onDelete": "cascade",
          "onUpdate": "no action"
        },
        "payload_locked_documents_rels_media_fk": {
          "name": "payload_locked_documents_rels_media_fk",
          "tableFrom": "payload_locked_documents_rels",
          "tableTo": "media",
          "columnsFrom": [
            "media_id"
          ],
          "columnsTo": [
            "id"
          ],
          "onDelete": "cascade",
          "onUpdate": "no action"
        },
        "payload_locked_documents_rels_paintcolor_fk": {
          "name": "payload_locked_documents_rels_paintcolor_fk",
          "tableFrom": "payload_locked_documents_rels",
          "tableTo": "paintcolor",
          "columnsFrom": [
            "paintcolor_id"
          ],
          "columnsTo": [
            "id"
          ],
          "onDelete": "cascade",
          "onUpdate": "no action"
        },
        "payload_locked_documents_rels_paint_types_fk": {
          "name": "payload_locked_documents_rels_paint_types_fk",
          "tableFrom": "payload_locked_documents_rels",
          "tableTo": "paint_types",
          "columnsFrom": [
            "paint_types_id"
          ],
          "columnsTo": [
            "id"
          ],
          "onDelete": "cascade",
          "onUpdate": "no action"
        },
        "payload_locked_documents_rels_surface_types_fk": {
          "name": "payload_locked_documents_rels_surface_types_fk",
          "tableFrom": "payload_locked_documents_rels",
          "tableTo": "surface_types",
          "columnsFrom": [
            "surface_types_id"
          ],
          "columnsTo": [
            "id"
          ],
          "onDelete": "cascade",
          "onUpdate": "no action"
        },
        "payload_locked_documents_rels_paint_qualities_fk": {
          "name": "payload_locked_documents_rels_paint_qualities_fk",
          "tableFrom": "payload_locked_documents_rels",
          "tableTo": "paint_qualities",
          "columnsFrom": [
            "paint_qualities_id"
          ],
          "columnsTo": [
            "id"
          ],
          "onDelete": "cascade",
          "onUpdate": "no action"
        },
        "payload_locked_documents_rels_surface_conditions_fk": {
          "name": "payload_locked_documents_rels_surface_conditions_fk",
          "tableFrom": "payload_locked_documents_rels",
          "tableTo": "surface_conditions",
          "columnsFrom": [
            "surface_conditions_id"
          ],
          "columnsTo": [
            "id"
          ],
          "onDelete": "cascade",
          "onUpdate": "no action"
        },
        "payload_locked_documents_rels_paint_data_fk": {
          "name": "payload_locked_documents_rels_paint_data_fk",
          "tableFrom": "payload_locked_documents_rels",
          "tableTo": "paint_data",
          "columnsFrom": [
            "paint_data_id"
          ],
          "columnsTo": [
            "id"
          ],
          "onDelete": "cascade",
          "onUpdate": "no action"
        },
        "payload_locked_documents_rels_labor_rates_fk": {
          "name": "payload_locked_documents_rels_labor_rates_fk",
          "tableFrom": "payload_locked_documents_rels",
          "tableTo": "labor_rates",
          "columnsFrom": [
            "labor_rates_id"
          ],
          "columnsTo": [
            "id"
          ],
          "onDelete": "cascade",
          "onUpdate": "no action"
        }
      },
      "compositePrimaryKeys": {},
      "uniqueConstraints": {},
      "policies": {},
      "checkConstraints": {},
      "isRLSEnabled": false
    },
    "public.payload_preferences": {
      "name": "payload_preferences",
      "schema": "",
      "columns": {
        "id": {
          "name": "id",
          "type": "serial",
          "primaryKey": true,
          "notNull": true
        },
        "key": {
          "name": "key",
          "type": "varchar",
          "primaryKey": false,
          "notNull": false
        },
        "value": {
          "name": "value",
          "type": "jsonb",
          "primaryKey": false,
          "notNull": false
        },
        "updated_at": {
          "name": "updated_at",
          "type": "timestamp(3) with time zone",
          "primaryKey": false,
          "notNull": true,
          "default": "now()"
        },
        "created_at": {
          "name": "created_at",
          "type": "timestamp(3) with time zone",
          "primaryKey": false,
          "notNull": true,
          "default": "now()"
        }
      },
      "indexes": {
        "payload_preferences_key_idx": {
          "name": "payload_preferences_key_idx",
          "columns": [
            {
              "expression": "key",
              "isExpression": false,
              "asc": true,
              "nulls": "last"
            }
          ],
          "isUnique": false,
          "concurrently": false,
          "method": "btree",
          "with": {}
        },
        "payload_preferences_updated_at_idx": {
          "name": "payload_preferences_updated_at_idx",
          "columns": [
            {
              "expression": "updated_at",
              "isExpression": false,
              "asc": true,
              "nulls": "last"
            }
          ],
          "isUnique": false,
          "concurrently": false,
          "method": "btree",
          "with": {}
        },
        "payload_preferences_created_at_idx": {
          "name": "payload_preferences_created_at_idx",
          "columns": [
            {
              "expression": "created_at",
              "isExpression": false,
              "asc": true,
              "nulls": "last"
            }
          ],
          "isUnique": false,
          "concurrently": false,
          "method": "btree",
          "with": {}
        }
      },
      "foreignKeys": {},
      "compositePrimaryKeys": {},
      "uniqueConstraints": {},
      "policies": {},
      "checkConstraints": {},
      "isRLSEnabled": false
    },
    "public.payload_preferences_rels": {
      "name": "payload_preferences_rels",
      "schema": "",
      "columns": {
        "id": {
          "name": "id",
          "type": "serial",
          "primaryKey": true,
          "notNull": true
        },
        "order": {
          "name": "order",
          "type": "integer",
          "primaryKey": false,
          "notNull": false
        },
        "parent_id": {
          "name": "parent_id",
          "type": "integer",
          "primaryKey": false,
          "notNull": true
        },
        "path": {
          "name": "path",
          "type": "varchar",
          "primaryKey": false,
          "notNull": true
        },
        "users_id": {
          "name": "users_id",
          "type": "integer",
          "primaryKey": false,
          "notNull": false
        }
      },
      "indexes": {
        "payload_preferences_rels_order_idx": {
          "name": "payload_preferences_rels_order_idx",
          "columns": [
            {
              "expression": "order",
              "isExpression": false,
              "asc": true,
              "nulls": "last"
            }
          ],
          "isUnique": false,
          "concurrently": false,
          "method": "btree",
          "with": {}
        },
        "payload_preferences_rels_parent_idx": {
          "name": "payload_preferences_rels_parent_idx",
          "columns": [
            {
              "expression": "parent_id",
              "isExpression": false,
              "asc": true,
              "nulls": "last"
            }
          ],
          "isUnique": false,
          "concurrently": false,
          "method": "btree",
          "with": {}
        },
        "payload_preferences_rels_path_idx": {
          "name": "payload_preferences_rels_path_idx",
          "columns": [
            {
              "expression": "path",
              "isExpression": false,
              "asc": true,
              "nulls": "last"
            }
          ],
          "isUnique": false,
          "concurrently": false,
          "method": "btree",
          "with": {}
        },
        "payload_preferences_rels_users_id_idx": {
          "name": "payload_preferences_rels_users_id_idx",
          "columns": [
            {
              "expression": "users_id",
              "isExpression": false,
              "asc": true,
              "nulls": "last"
            }
          ],
          "isUnique": false,
          "concurrently": false,
          "method": "btree",
          "with": {}
        }
      },
      "foreignKeys": {
        "payload_preferences_rels_parent_fk": {
          "name": "payload_preferences_rels_parent_fk",
          "tableFrom": "payload_preferences_rels",
          "tableTo": "payload_preferences",
          "columnsFrom": [
            "parent_id"
          ],
          "columnsTo": [
            "id"
          ],
          "onDelete": "cascade",
          "onUpdate": "no action"
        },
        "payload_preferences_rels_users_fk": {
          "name": "payload_preferences_rels_users_fk",
          "tableFrom": "payload_preferences_rels",
          "tableTo": "users",
          "columnsFrom": [
            "users_id"
          ],
          "columnsTo": [
            "id"
          ],
          "onDelete": "cascade",
          "onUpdate": "no action"
        }
      },
      "compositePrimaryKeys": {},
      "uniqueConstraints": {},
      "policies": {},
      "checkConstraints": {},
      "isRLSEnabled": false
    },
    "public.payload_migrations": {
      "name": "payload_migrations",
      "schema": "",
      "columns": {
        "id": {
          "name": "id",
          "type": "serial",
          "primaryKey": true,
          "notNull": true
        },
        "name": {
          "name": "name",
          "type": "varchar",
          "primaryKey": false,
          "notNull": false
        },
        "batch": {
          "name": "batch",
          "type": "numeric",
          "primaryKey": false,
          "notNull": false
        },
        "updated_at": {
          "name": "updated_at",
          "type": "timestamp(3) with time zone",
          "primaryKey": false,
          "notNull": true,
          "default": "now()"
        },
        "created_at": {
          "name": "created_at",
          "type": "timestamp(3) with time zone",
          "primaryKey": false,
          "notNull": true,
          "default": "now()"
        }
      },
      "indexes": {
        "payload_migrations_updated_at_idx": {
          "name": "payload_migrations_updated_at_idx",
          "columns": [
            {
              "expression": "updated_at",
              "isExpression": false,
              "asc": true,
              "nulls": "last"
            }
          ],
          "isUnique": false,
          "concurrently": false,
          "method": "btree",
          "with": {}
        },
        "payload_migrations_created_at_idx": {
          "name": "payload_migrations_created_at_idx",
          "columns": [
            {
              "expression": "created_at",
              "isExpression": false,
              "asc": true,
              "nulls": "last"
            }
          ],
          "isUnique": false,
          "concurrently": false,
          "method": "btree",
          "with": {}
        }
      },
      "foreignKeys": {},
      "compositePrimaryKeys": {},
      "uniqueConstraints": {},
      "policies": {},
      "checkConstraints": {},
      "isRLSEnabled": false
    }
  },
  "enums": {
    "public.enum_surface_types_category": {
      "name": "enum_surface_types_category",
      "schema": "public",
      "values": [
        "wall",
        "ceiling",
        "door",
        "linear"
      ]
    },
    "public.enum_paint_qualities_level": {
      "name": "enum_paint_qualities_level",
      "schema": "public",
      "values": [
        "basic",
        "standard",
        "premium",
        "luxury"
      ]
    }
  },
  "schemas": {},
  "sequences": {},
  "roles": {},
  "policies": {},
  "views": {},
  "_meta": {
    "schemas": {},
    "tables": {},
    "columns": {}
  }
}